policy,delta_eo_fnr,equalized_odds_diff,demographic_parity_escalation_diff,risk_gap
baseline,0.04339795338669566,0.05540412603534048,0.00026843613395557964,0.04757167941562371
proposed,0.002074628800006202,0.002074628800006195,0.002040901685029819,0.001020714741439277
