policy,coverage_ai,escalation_rate,diagnostic_rate,average_loss,average_total_cost,accuracy,teacher_workload,demographic_parity_escalation_diff,risk_gap,tpr_0,fpr_0,fnr_0,tpr_1,fpr_1,fnr_1,delta_eo_fnr,equalized_odds_diff
baseline,0.7980555555555555,0.20194444444444445,0.0,0.20195,0.3837,0.8817222222222222,0.20194444444444445,0.00026843613395557964,0.02296936791846335,0.7573398215733982,0.01824878620458731,0.24266017842660179,0.7019356955380578,0.061646739591282966,0.29806430446194226,0.05540412603534048,0.055404126035340395
proposed,0.9989,9.444444444444444e-05,0.0010055555555555555,0.2215,0.2220877777777778,0.8515888888888888,9.444444444444444e-05,3.449946008594975e-05,0.0002829552046020867,0.6214760746147607,0.029901222166415536,0.37852392538523927,0.6179790026246719,0.027406088357500212,0.3820209973753281,0.003497071990088807,0.0034970719900888625
