policy,coverage_ai,escalation_rate,diagnostic_rate,average_loss,average_total_cost,accuracy,teacher_workload,demographic_parity_escalation_diff,risk_gap,tpr_0,fpr_0,fnr_0,tpr_1,fpr_1,fnr_1,delta_eo_fnr,equalized_odds_diff
baseline,0.7980555555555555,0.20194444444444445,0.0,0.11827777777777777,0.2798333333333333,0.8817222222222222,0.20194444444444445,0.00026843613395557964,0.04757167941562371,0.9817512137954126,0.24266017842660179,0.01824878620458731,0.938353260408717,0.29806430446194226,0.061646739591282966,0.04339795338669566,0.05540412603534048
proposed,0.9901944444444445,0.0011944444444444444,0.008611111111111111,0.14697222222222223,0.1513722222222222,0.8530277777777778,0.0011944444444444444,0.002040901685029819,0.001020714741439277,0.9703666499246609,0.3758313057583131,0.029633350075339026,0.9724412787246671,0.3764763779527559,0.027558721275332824,0.002074628800006202,0.002074628800006195
