{
  "auroc": 0.8752994819394955,
  "brier": 0.11295466224385528,
  "confidence_threshold_tau": 0.7888874116436786,
  "n_train": 84000,
  "n_test": 36000
}