{
  "baseline": {
    "coverage_ai": 0.7980555555555555,
    "escalation_rate": 0.20194444444444445,
    "diagnostic_rate": 0.0,
    "average_loss": 0.20195,
    "average_total_cost": 0.3837,
    "accuracy": 0.8817222222222222,
    "teacher_workload": 0.20194444444444445,
    "demographic_parity_escalation_diff": 0.00026843613395557964,
    "risk_gap": 0.02296936791846335,
    "tpr_0": 0.7573398215733982,
    "fpr_0": 0.01824878620458731,
    "fnr_0": 0.24266017842660179,
    "tpr_1": 0.7019356955380578,
    "fpr_1": 0.061646739591282966,
    "fnr_1": 0.29806430446194226,
    "delta_eo_fnr": 0.05540412603534048,
    "equalized_odds_diff": 0.055404126035340395
  },
  "proposed": {
    "coverage_ai": 0.9989,
    "escalation_rate": 9.444444444444444e-05,
    "diagnostic_rate": 0.0010055555555555555,
    "average_loss": 0.2215,
    "average_total_cost": 0.2220877777777778,
    "accuracy": 0.8515888888888888,
    "teacher_workload": 9.444444444444444e-05,
    "demographic_parity_escalation_diff": 3.449946008594975e-05,
    "risk_gap": 0.0002829552046020867,
    "tpr_0": 0.6214760746147607,
    "fpr_0": 0.029901222166415536,
    "fnr_0": 0.37852392538523927,
    "tpr_1": 0.6179790026246719,
    "fpr_1": 0.027406088357500212,
    "fnr_1": 0.3820209973753281,
    "delta_eo_fnr": 0.003497071990088807,
    "equalized_odds_diff": 0.0034970719900888625
  },
  "model": {
    "auroc": 0.8752994819394955,
    "brier": 0.11295466224385528,
    "confidence_threshold_tau": 0.7888874116436783,
    "n_train": 84000,
    "n_test": 36000,
    "simulation_timestep_multiplier": 5,
    "n_simulation_steps": 180000
  },
  "headline": {
    "cost_drop_abs": 0.16161222222222218,
    "cost_drop_pct": 42.11942200214287,
    "eo_gap_drop": 0.05190705404525167
  }
}