{
  "baseline": {
    "coverage_ai": 0.7980555555555555,
    "escalation_rate": 0.20194444444444445,
    "diagnostic_rate": 0.0,
    "average_loss": 0.11827777777777777,
    "average_total_cost": 0.2798333333333333,
    "accuracy": 0.8817222222222222,
    "teacher_workload": 0.20194444444444445,
    "demographic_parity_escalation_diff": 0.00026843613395557964,
    "risk_gap": 0.04757167941562371,
    "tpr_0": 0.9817512137954126,
    "fpr_0": 0.24266017842660179,
    "fnr_0": 0.01824878620458731,
    "tpr_1": 0.938353260408717,
    "fpr_1": 0.29806430446194226,
    "fnr_1": 0.061646739591282966,
    "delta_eo_fnr": 0.04339795338669566,
    "equalized_odds_diff": 0.05540412603534048
  },
  "proposed": {
    "coverage_ai": 0.9901944444444445,
    "escalation_rate": 0.0011944444444444444,
    "diagnostic_rate": 0.008611111111111111,
    "average_loss": 0.14697222222222223,
    "average_total_cost": 0.1513722222222222,
    "accuracy": 0.8530277777777778,
    "teacher_workload": 0.0011944444444444444,
    "demographic_parity_escalation_diff": 0.002040901685029819,
    "risk_gap": 0.001020714741439277,
    "tpr_0": 0.9703666499246609,
    "fpr_0": 0.3758313057583131,
    "fnr_0": 0.029633350075339026,
    "tpr_1": 0.9724412787246671,
    "fpr_1": 0.3764763779527559,
    "fnr_1": 0.027558721275332824,
    "delta_eo_fnr": 0.002074628800006202,
    "equalized_odds_diff": 0.002074628800006195
  },
  "model": {
    "auroc": 0.8752994819394955,
    "brier": 0.11295466224385528,
    "confidence_threshold_tau": 0.7888874116436786,
    "n_train": 84000,
    "n_test": 36000
  },
  "headline": {
    "cost_drop_abs": 0.1284611111111111,
    "cost_drop_pct": 45.90629342862815,
    "eo_gap_drop": 0.041323324586689456
  }
}